{
    "config": {
        "tipo_modelo": "Clasificadora1",
        "p_dropout_clf": 0.2,
        "learning_rate": 0.001,
        "num_epochs": 100,
        "n1": 64,
        "n2": 32
    },
    "final_train_loss": 0.17829749979078768,
    "final_valid_loss": 0.28851938135921956,
    "final_train_precision": 0.9321166666666667,
    "final_valid_precision": 0.9022
}