{
    "config": {
        "tipo_modelo": "Clasificadora1",
        "p_dropout_clf": 0.2,
        "learning_rate": 0.001,
        "num_epochs": 100,
        "n1": 128,
        "n2": 64
    },
    "final_train_loss": 0.1502141497346262,
    "final_valid_loss": 0.26078934624791145,
    "final_train_precision": 0.9425833333333333,
    "final_valid_precision": 0.9091
}