{
    "config": {
        "tipo_modelo": "Clasificadora1",
        "p_dropout_clf": 0.2,
        "learning_rate": 0.001,
        "num_epochs": 100,
        "n1": 512,
        "n2": 256
    },
    "final_train_loss": 0.1567472950120767,
    "final_valid_loss": 0.31503853157162665,
    "final_train_precision": 0.9420666666666667,
    "final_valid_precision": 0.8986
}