{
    "config": {
        "tipo_modelo": "Clasificadora2",
        "p_dropout_clf": 0.2,
        "learning_rate": 0.001,
        "num_epochs": 100,
        "n1": 128,
        "n2": 64,
        "n3": 32
    },
    "final_train_loss": 0.1798394792030255,
    "final_valid_loss": 0.3258205008506775,
    "final_train_precision": 0.9317666666666666,
    "final_valid_precision": 0.8896
}