{
    "config": {
        "tipo_modelo": "Clasificadora2",
        "p_dropout_clf": 0.2,
        "learning_rate": 0.001,
        "num_epochs": 100,
        "n1": 256,
        "n2": 128,
        "n3": 64
    },
    "final_train_loss": 0.14249037545795243,
    "final_valid_loss": 0.31552422650158407,
    "final_train_precision": 0.9458,
    "final_valid_precision": 0.8966
}