{
    "config": {
        "tipo_modelo": "Clasificadora2",
        "p_dropout_clf": 0.2,
        "learning_rate": 0.001,
        "num_epochs": 100,
        "n1": 512,
        "n2": 256,
        "n3": 128
    },
    "final_train_loss": 0.14283248551810782,
    "final_valid_loss": 0.30881147041916845,
    "final_train_precision": 0.9459833333333333,
    "final_valid_precision": 0.8993
}